תאריך;תיאור;חובה;זכות;יתרה
01/08/2026;שכר דירה;5200;;
02/08/2026;ישראכרט חיוב חודשי;4464;;
03/08/2026;משכורת חברת דוגמה;;14500;
04/08/2026;משכורת בן/בת זוג;;9800;
05/08/2026;חברת החשמל;460.38;;
08/08/2026;עיריית רעננה ארנונה;690;;
12/08/2026;הראל ביטוח רכב;310;;
20/08/2026;ביטוח לאומי קצבת ילדים;;300;
01/09/2026;שכר דירה;5200;;
02/09/2026;ישראכרט חיוב חודשי;5935;;
03/09/2026;משכורת חברת דוגמה;;14500;
04/09/2026;משכורת בן/בת זוג;;9800;
05/09/2026;חברת החשמל;480.77;;
08/09/2026;עיריית רעננה ארנונה;690;;
12/09/2026;הראל ביטוח רכב;310;;
20/09/2026;ביטוח לאומי קצבת ילדים;;300;
